FileName,Fragment,IsotopeRatio,Average,StdDev,StdError,RelStdError,ShotNoise,Tic,TicVar
/Users/sarahzeichner/Documents/GitHub/Isotomics-Automated/Processed Data/Test_Data_Output/44/Smp/20230627_Alanine_44_M1.isox,44.0,15N/13C,0.16529460842707958,0.008133318949411529,0.00011839757706156354,0.0007162821473018289,0.00033533756073291204,1950647.7381330791,0.07456292183735674
/Users/sarahzeichner/Documents/GitHub/Isotomics-Automated/Processed Data/Test_Data_Output/44/Smp/20230627_Alanine_44_M1.isox,44.0,D/13C,0.042443001125651456,0.0030300696141920213,4.4109041201951e-05,0.001039253587920592,0.0006260715996113759,1950647.7381330791,0.07456292183735674
/Users/sarahzeichner/Documents/GitHub/Isotomics-Automated/Processed Data/Test_Data_Output/44/Smp/20230627_Alanine_44_M1.isox,44.0,Unsub/13C,0.47739231075269667,0.023055519553707403,0.0003356216164683866,0.0007030310478591862,0.0002221543360179384,1950647.7381330791,0.07456292183735674
